{ݖ,X֔ԍ,Z,dbԍ,l,ox,ܓx
LbY[  ł,918-8026,sS|QOV,0776-34-2888,FOۈ{,136.186094,36.047057
VĝЂ΁@ǂ,910-0006,sPڂQP|QU@R{rPK,0776-21-2333,FOۈ{,136.219327,36.060434
qăT|[gZ^[@,910-0002,sQڂU-QR,0776-30-0009,FOۈ{,136.231082,36.07789
Vo[}}T[rX Ђ܂̉,910-0016,s{QڂPW-QT,0776-26-5478,FOۈ{,136.221157,36.082545
傤@n[cH,918-8114,sH1ڂPPV,0776-36-3415,FOۈ{,136.227033,36.042422
sqǂꎞa菊ú`сÊсv,910-8511,s121@nsQK,0776-20-5270,FOۈ{,136.222263,36.061831
傤@n[cw,910-0028,sw2-9-22,0776-21-3415,FOۈ{,136.197755,36.069785
傤@n[cu,910-0845,su2-11-13,0776-52-3415,FOۈ{,136.237023,36.071219
SUPER@CENTER@PLANT|3,910-3608,sO21-4,0776-98-7300,FOۈ{,136.148501,36.030133
䌧wKك`Ch[,918-8135,sZ𒬂PS[P,0776-41-4200,FOۈ{,136.231475,36.035859
s܂Ȃۈ@,910-0005,sRڂT|R@VXerPK,0776-28-0020,FOۈ{,136.218799,36.062822
@u݁v,918-8205,sklcPڂRO|PT,0776-52-1803,FOۈ{,136.247461,36.064659
iwjw@VcˎԊwZ,910-0101,sPڂPOOP,0776-55-0870,FOۈ{,136.216822,36.118566
ǂ̍@ނ,918-8156,sڒ21-9-2,0776-38-9282,FOۈ{,136.197422,36.022593
iЁj։sVo[lރZ^[@uۂہv,914-0124,։sRVW|X,0770-24-1250,FOۈ{,136.047642,35.627104
炫ۈ牀,914-0125,։stPڂPUPO,0770-22-6447,FOۈ{,136.048303,35.634381
iwjw@邪ԊwZ,916-0015,։sRQW|P,0770-22-0500,FOۈ{,136.028819,35.629237
킭킭,917-0027,ls~XڂTOP,0770-56-4880,FOۈ{,135.773805,35.484136
͂܂킭킭Xe[V,917-0069,lsl颂PPQ,0770-52-2505,FOۈ{,135.742045,35.495595
Vo[}}T[rX hh,910-4115,sePR|PR,0776-97-6088,FOۈ{,136.203691,36.223948
NPO@lqČ𗬂Ђ΁EE,912-0071,sL|17-17-1@SC@u,0779-66-3775,FOۈ{,136.478747,35.973408
傤@n[c΂,916-0028,I]sQڂXOP,0778-53-0415,FOۈ{,136.175052,35.951381
傤@n[c,915-0805,zOsŌSڂU|QP,0778-21-3415,FOۈ{,136.157858,35.919565
^fCT[rXuĂ܂v,915-0803,zOsoPڂPQ|RV,0778-22-5108,FOۈ{,136.15977,35.908975
NPO@lqǂZ^[smLI,915-0071,zOs{PڂPP|Q,0778-23-8211,FOۈ{,136.17038,35.904473
傤@n[c͂邦,919-8114,st]QT|P,0776-58-0882,FOۈ{,136.223132,36.134567
zOqǂꎞả ,919-0227,SzOe{QT|PX ӂꂠٓ,0778-47-3200,FOۈ{,136.185811,35.844267
Ђ܂[,919-1205,OSlc62-43Ȃݕۈ牀,0770-38-1316,FOۈ{,135.983569,35.627734
Ƃ炢񂮂,918-8206,sklc31-6,0776-57-1789,FOۈ{,136.242681,36.067506
Smiley Kid's,910-0858,s17-23,0776-97-9366,FOۈ{,136.222607,36.059784
悤ۈ烋[,918-8237,sacQ601,0776-43-9097,FOۈ{,136.24764,36.051288
j`CLbYӂklcۈ牀,918-8205,sklcQڂPR|X,080-6205-1338,FOۈ{,136.245473,36.067212
Ǝ哱^ۈ{݁u̐Xv,919-0321,s͖k7-1-1,0776-38-6800,FOۈ{,136.216615,36.020575
R{dCHij@Oт̂Ԃۈ牀,917-0241,ls~W|QOS|P,0770-56-3833,FOۈ{,135.777341,35.484361
@܂ۈ牀,915-0092,zOs˒28-25-5,0778-22-2360,FOۈ{,136.192768,35.913409
y@LbY̐X,913-0061,sOSX|PW,0776-82-1282,FOۈ{,136.155077,36.246475
Ö@l삱̕a@@ۈ烋[,919-1541,ዷs24-18-1,0770-62-1131,FOۈ{,135.857983,35.465096
ۈ牀,910-0022,sԌQڂPO|PO,0776-22-0072,ۈ珊,136.208726,36.069254
kۈ牀,910-0003,s{QڂV|QU,0776-20-5411,ۈ珊,136.228412,36.072013
Voۈ牀,910-0859,sVoTڂPS|P,0776-54-0041,ۈ珊,136.234081,36.066003
ۈ牀,910-0026,szPڂX|W,0776-22-0061,ۈ珊,136.203643,36.067532
ۈ牀,910-0033,sOYۂPڂPSPS,0776-22-8851,ۈ珊,136.193939,36.0795
Kۈ牀,910-0854,sKQڂV|QX,0776-22-0062,ۈ珊,136.230507,36.057134
Еۈ牀,918-8031,srPڂWPP,0776-36-0065,ۈ珊,136.191488,36.035267
ԓۈ牀,918-8012,sԓkQڂQR|QT,,ۈ珊,136.210676,36.040028
͍ۈ牀,910-0108,sRPO|V,0776-55-0109,ۈ珊,136.193053,36.118751
ۈ牀,918-8016,s][RQ|UV,0776-38-2633,ۈ珊,136.210223,36.027746
ۈ牀,918-8076,s{W|RP|P,0776-37-1231,ۈ珊,136.135056,36.059799
{ۈ牀,910-0014,svV|PV,0776-22-0068,ۈ珊,136.226307,36.081298
kۈ牀,918-8203,skPڂQQ|SU,0776-54-0069,ۈ珊,136.250208,36.062129
Õۈ牀,918-8182,s󐅓PRP͌PW,0776-38-1356,ۈ珊,136.19805,36.001616
[֕ۈ牀,910-0842,sJPڂPXPO,0776-54-0070,ۈ珊,136.243625,36.077288
qۈ牀,910-0017,sRڂQU|QR,0776-22-0071,ۈ珊,136.210528,36.079789
{ۈ牀,910-3255,sNP|TU,0776-83-0549,ۈ珊,136.141447,36.116803
Xcۈ牀,910-0142,sXcSڂROQ,0776-56-0249,ۈ珊,136.235168,36.113231
Xclۈ牀,910-0136,sXlUOR,0776-56-0482,ۈ珊,136.241529,36.114576
ۈ牀,910-2165,sPRV|PW,0776-41-0152,ۈ珊,136.273003,36.015505
Xchۈ牀,910-0151,shQ|QQ,0776-56-2244,ۈ珊,136.223038,36.107728
Xchۈ牀Îs,910-0152,sÎsRڂXOP,0776-56-3217,ۈ珊,136.226266,36.103876
݂ܕۈ牀,910-2347,sRU|R,0776-90-1361,ۈ珊,136.364515,35.998256
΃Puۈ牀,910-3402,s쒬XQ|QR,0776-88-2050,ۈ珊,136.03382,36.091776
ۈ牀,910-0807,sؖkSڂROP|P,0776-54-5540,ۈ珊,136.235054,36.096524
ۈ牀,918-8002,sW|QP,0776-36-1528,ۈ珊,136.213178,36.058437
Vc˕ۈ牀,910-0067,sVc˂PڂSQ|P,0776-21-1373,ۈ珊,136.205832,36.092377
ؕۈ牀,910-0807,sؖkQڂPOPP,0776-54-4303,ۈ珊,136.231554,36.099427
mۈ牀,910-0124,sVrRT|Q,0776-56-2688,ۈ珊,136.21795,36.105992
acۈ牀,910-0802,sacTP|X,0776-53-6150,ۈ珊,136.258463,36.098628
ۈ牀,910-3553,sPO|QX,0776-89-2114,ۈ珊,136.013666,36.037168
߂ۈ牀,918-8013,sԓQڂQPO,0776-33-7716,ۈ珊,136.222761,36.042853
䂫񂱐Xcۈ牀,910-0122,sΐSPT,0776-50-2273,ۈ珊,136.223602,36.11738
Cۈ牀,914-0061,։sHS|PW,0770-22-1312,ۈ珊,136.070171,35.657743
ۈ牀,914-0806,։sS|T,0770-22-0854,ۈ珊,136.053718,35.651207
͕ۈ牀,914-0132,։s䖼RW|PT,0770-22-1147,ۈ珊,136.0508,35.612373
Rۈ牀,914-0144,։sPuRQ|Q,0770-22-2191,ۈ珊,136.035324,35.624374
Yۈ牀,914-0262,։scRS|SP|Q,0770-28-1611,ۈ珊,136.100275,35.744863
؍ۈ牀,914-0814,։s؍RW|S|P,0770-23-3710,ۈ珊,136.044703,35.641891
邪ۈ牀,914-0053,։s蒬QڂQP|P,0770-23-5510,ۈ珊,136.07851,35.648333
ۈ牀,914-0141,։s䴐TS|RQ|P,0770-25-0320,ۈ珊,136.042221,35.630531
ۈ牀,914-0801,։sPRO[QRW,0770-25-1210,ۈ珊,136.042983,35.653262
Oۈ牀,914-0058,։sORV|PO|P,0770-25-4813,ۈ珊,136.065439,35.6455
ѕۈ牀,914-0138,։sтPR|X|P,0770-25-7540,ۈ珊,136.046034,35.623971
ۈ牀,914-0037,։sQS|Q|P,0770-25-7900,ۈ珊,136.07185,35.628082
ۈ牀,914-0013,։sJQO|R|S,0770-25-4761,ۈ珊,136.091844,35.649264
Bۈ牀,914-0823,։sBUW|P|P,0770-25-4762,ۈ珊,136.018617,35.6406
ۈ牀,914-0045,։sÓcUU|PROR|Q,0770-24-5270,ۈ珊,136.061204,35.631715
Thۈ牀,914-0065,։shPS|PR,0770-23-0320,ۈ珊,136.06027,35.655926
ۈ牀,914-0062,։sPS|R,0770-22-1460,ۈ珊,136.067991,35.655957
Puۈ牀,914-0017,։sPuPT|T,0770-25-8854,ۈ珊,136.085275,35.654522
ڕۈ牀,914-0131,։sQX|P|Q,0770-25-8547,ۈ珊,136.0524,35.6193
~ۈ牀,917-0241,ls~VP|W,0770-52-0432,ۈ珊,135.781041,35.478118
xۈ牀,917-0015,lscPV|PQ,0770-52-5683,ۈ珊,135.774489,35.500583
cۈ牀,917-0036,lsST|W,0770-58-0212,ۈ珊,135.718827,35.457669
cۈ牀,917-0354,lsacPR|SO,0770-59-0102,ۈ珊,135.676072,35.426541
lۈ牀,917-0044,lsѐTW|PT,0770-53-3049,ۈ珊,135.677347,35.483266
OCۈ牀,917-0107,lsbQQ|RR,0770-53-0554,ۈ珊,135.754482,35.528548
iۈ牀,917-0234,lsQW|W|Q,0770-57-1822,ۈ珊,135.796354,35.473966
Jۈ牀,917-0072,lsQڂS|PQ,0770-53-1538,ۈ珊,135.750377,35.499379
`[bvۈ牀,917-0054,lsQQ|P|PQ,0770-53-2125,ۈ珊,135.745769,35.491171
x̂Ƃۈ牀,917-0024,lsavRR|U,0770-56-5677,ۈ珊,135.759332,35.48545
܂Ȃݕۈ牀,917-0093,lsSڂR|PO,0770-53-2873,ۈ珊,135.755538,35.504778
tۈ牀ixj,912-0051,sgQS|U,0779-66-4005,ۈ珊,136.495695,35.980324
˕ۈ牀,912-0088,sV|QS,0779-66-5273,ۈ珊,136.488427,35.991648
rۈ牀,912-0813,sSQ|PV,0779-66-4257,ۈ珊,136.538175,35.990419
Jۈ牀,912-0149,s΂PP|PS,0779-67-1070,ۈ珊,136.574065,35.984901
Ƃۈ牀,912-0032,saVPO,0779-66-3848,ۈ珊,136.502195,35.985613
㏯ۈ牀,912-0415,sSR|T,0779-64-1217,ۈ珊,136.522999,35.948885
TRۈ牀,912-0088,sR|RT,0779-65-1104,ۈ珊,136.48578,35.989673
Jۈ牀,912-0085,sVTPT|Q,0779-65-1103,ۈ珊,136.489788,35.974797
ۈ牀,912-0061,sVS|RQ,0779-65-6570,ۈ珊,136.499842,35.963385
aۈ牀,912-0205,sQT|V,0779-78-2812,ۈ珊,136.662656,35.905223
ۈ牀,911-0804,RsQڂV|QW,0779-88-0850,ۈ珊,136.503201,36.056154
򎛕ۈ牀,911-0822,Rs򎛒򎛂PUS|STb,0779-88-4332,ۈ珊,136.532318,36.03586
ۈ牀,911-0016,RsJTO|SV,0779-87-3888,ۈ珊,136.493825,36.09141
PCe[ۈ牀,911-0804,RsP|W|PV,0779-87-1857,ۈ珊,136.501606,36.060828
ۈ牀,911-0033,RshQ|V|U,0779-88-0872,ۈ珊,136.494176,36.062194
ۈ牀,911-0803,RsP|P|TU,0779-69-1111,ۈ珊,136.50622,36.057898
Jۈ牀,911-0848,RsJۓcXX|RP|Q,0779-89-2211,ۈ珊,136.464401,36.070571
k킵̂ۈ牀,911-0054,RskQW|ST,0779-89-3433,ۈ珊,136.429629,36.084505
Rۈ珊,916-0053,I]s{SڂU|PV,0778-51-0640,ۈ珊,136.184304,35.949067
cۈ珊,916-0026,I]s̏oU|RV,0778-51-0364,ۈ珊,136.185957,35.942341
_ۈ珊,916-0021,I]sOZPڂP|PQ,0778-51-1137,ۈ珊,136.178971,35.968409
͕ۈ珊,916-0033,I]s쒬QOW|P,0778-51-3103,ۈ珊,136.210343,35.954503
݂ٕۈ牀,916-0038,I]s͒[SV|SR,0778-51-1416,ۈ珊,136.197744,35.968576
ҕۈ珊,916-0005,I]s{RR|S|P,0778-51-3377,ۈ珊,136.173629,35.983571
Γcۈ珊,916-0083,I]sΓc㒬SS|P,0778-51-1972,ۈ珊,136.160972,35.979554
gۈ珊,916-0085,I]sqT|QO,0778-62-1332,ۈ珊,136.156526,35.96294
킾ۈ珊,916-1224,I]s䴐cPO|T|P,0778-65-0173,ۈ珊,136.272373,35.946232
̎ۈ牀,916-0013,I]sHPڂR|PW|Q,0778-52-1511,ۈ珊,136.186808,35.984227
݂ۈ牀,916-0056,I]sZgPڂPS|PS,0778-51-4144,ۈ珊,136.181902,35.941096
Ȃۈ牀,916-0047,I]sSڂQ|PV,0778-51-0012,ۈ珊,136.192003,35.948409
@ۈ牀,916-0004,I]sRV|V,0778-51-2493,ۈ珊,136.173138,35.97808
Ȃۈ牀,916-0015,I]sKQڂPT|PT,0778-51-6552,ۈ珊,136.191686,35.977944
g]ۈ牀,916-0005,I]s{SOW,0778-51-6555,ۈ珊,136.171776,35.982957
I]ݕۈ牀,916-0038,I]s͒[Q|W,0778-52-4771,ۈ珊,136.187936,35.969884
V]ۈ牀,916-0042,I]sV]PڂR|PR,0778-52-3883,ۈ珊,136.195912,35.941869
ӂۈ牀,916-0071,I]sPS|PS|P,0778-62-0236,ۈ珊,136.144741,35.963523
㑾cۈ牀,915-0882,zOs㑾cPP|Q,0778-22-0065,ۈ珊,136.151307,35.900545
Ȃ悵ۈ牀,915-0832,zOs񒚖ڂS|PS,0778-23-8024,ۈ珊,136.160914,35.89909
Ƌvۈ牀,915-0801,zOsƋvXS|Q|P,0778-24-1244,ۈ珊,136.166921,35.922551
tۈ牀,915-0026,zOsܕsR|U|P,0778-27-1328,ۈ珊,136.227798,35.891352
ۈ牀,915-0063,zOs|PQ|QR,0778-22-3214,ۈ珊,136.167158,35.893122
ۈ牀,915-0804,zOsVےRQ|PO,0778-22-7151,ۈ珊,136.151757,35.907295
ۈ牀,915-0084,zOs꒚ڂX|W,0778-23-0983,ۈ珊,136.183003,35.907073
ۈ牀,915-0841,zOs񒚖ڂS|R,0778-23-5203,ۈ珊,136.161039,35.894624
ۈ牀,915-0876,zOs蒬RR|Q|P,0778-24-4450,ۈ珊,136.146967,35.864272
悩ۈ牀,915-0091,zOsؒPQ|V|P,0778-24-0340,ۈ珊,136.19066,35.927904
ۂەۈ牀,915-0842,zOsvPOP,0778-24-4460,ۈ珊,136.162175,35.885439
˕ۈ牀,913-0002,sO˂RS|RO|P,0776-82-0097,ۈ珊,136.172507,36.228169
݂ɖۈ牀,913-0047,sO_PڂT|SU,0776-81-2373,ۈ珊,136.14691,36.216853
Oۈ牀,913-0045,sO{PڂS|RT,0776-81-2910,ۈ珊,136.15444,36.212115
Oۈ牀,913-0052,sO^QڂPT|PT,0776-82-7369,ۈ珊,136.151517,36.228146
Ĕ[Õۈ珊,913-0037,sOڂPW|PW,0776-81-3069,ۈ珊,136.131888,36.173521
ۈ牀,910-0231,sۉRڂPO|P,0776-66-0848,ۈ珊,136.274945,36.153333
ۈ牀,910-0304,sۉPR|V,0776-66-1196,ۈ珊,136.267752,36.145189
cۈ牀,910-0363,sۉcPX|X,0776-66-0196,ۈ珊,136.253404,36.125688
ۈ牀,910-0335,sۉT|PT,0776-66-2757,ۈ珊,136.308129,36.110581
镔ۈ牀,910-0362,sۉcV|R|P,0776-66-7601,ۈ珊,136.257073,36.123656
ۈ牀,910-0351,sۉЍQ|PR,0776-67-4633,ۈ珊,136.26966,36.144115
ڂݕۈ牀,910-0208,sۉ؍]X|PP,0776-66-2564,ۈ珊,136.274438,36.1748
݂ۈ牀,910-0325,sۉqST|X,0776-67-6760,ۈ珊,136.284098,36.128234
܂ۈ牀,910-0383,sۉW|T|R,0776-68-0756,ۈ珊,136.250654,36.142561
̎qۈ牀,910-0236,sۉ{S|UO,0776-68-0360,ۈ珊,136.271012,36.156369
ۈ牀,910-0301,sۉX|P,0776-68-0181,ۈ珊,136.277537,36.149511
t]ۈ牀,919-0473,st]{T|SQ,0776-51-0480,ۈ珊,136.20902,36.137741
t]ۈ牀,919-0445,st]؍cPP,0776-51-2288,ۈ珊,136.23502,36.126435
t]kۈ牀,919-0482,st]PP|Q|R,0776-51-9622,ۈ珊,136.189807,36.14897
t]ۈ牀,919-0472,st]؂PP|V,0776-51-3046,ۈ珊,136.200887,36.136402
t]ۈ牀,919-0414,st]]~QQO,0776-51-2372,ۈ珊,136.221752,36.130181
t]ۈ牀,919-0449,st]؂QX?P,0776-58-5833,ۈ珊,136.237886,36.12946
t]݂ǂۈ牀,919-0416,st]]Fa]X,0776-51-0285,ۈ珊,136.220877,36.126237
Ɛۈ牀,919-0417,st]]cQV|P,0776-51-2715,ۈ珊,136.219447,36.128012
t]ۈ牀,919-0413@,st]QS|PV,0776-51-5200,ۈ珊,136.222188,36.132903
тɕۈ牀,919-0527,s䒬ɂTU|S,0776-72-0229,ۈ珊,136.197702,36.173089
֕ۈ牀,919-0547,s䒬喡QV|PS,0776-72-1870,ۈ珊,136.207303,36.187619
ۈ牀,919-0532,s䒬PPV|PP|Q,0776-72-1244,ۈ珊,136.170801,36.183537
䏼ۈ牀,919-0511,s䒬PS|P|P,0776-50-2181,ۈ珊,136.237159,36.166138
Εۈ牀,910-0365,sۉ镔QS|PW,0776-68-1112,ۈ珊,136.266275,36.116813
Ȃ悵c,910-1127,gcSigPT|RV,0776-61-1092,ۈ珊,136.296437,36.087959
c,910-1132,gcSiRڂPQO,0776-61-0367,ۈ珊,136.294612,36.09112
c,910-1118,gcSitPڂUR,0776-61-0346,ۈ珊,136.305108,36.0976
˗c,910-1142,gcSi蓇RW|U,0776-61-2001,ۈ珊,136.289273,36.106784
ukc,910-1205,gcSiggQR|W|P,0776-63-2593,ۈ珊,136.361708,36.095929
uc,910-1226,gcSisXQ|PX|P,0776-63-2298,ۈ珊,136.327775,36.069476
uc,910-1214,gcSiJP|PS,0776-63-2307,ۈ珊,136.333318,36.094704
uc,910-1313,gcSiΏQU|QU,0776-64-2145,ۈ珊,136.402227,36.071105
ۈ珊,919-0101,SzOVQ|PT,0778-45-1168,ۈ珊,136.196185,35.794313
͖ۈ牀,915-1112,SzOPX|SW|S,0778-48-2123,ۈ珊,136.065665,35.829133
Еۈ珊,916-0133,OSzOC䏯57-206,0778-34-0081,ۈ珊,136.130259,35.979296
ۈ珊,916-0107,OSzO㎅WO|W,0778-34-5602,ۈ珊,136.08526,35.997253
ۈ珊,916-0144,OSzOXRR|R|P,0778-34-1614,ۈ珊,136.12318,35.954902
{蒆ۈ珊,916-0255,OSzO]gUV|PS,0778-32-2067,ۈ珊,136.074655,35.944127
]ۈ珊,916-0273,OSzO]RS|RP,0778-32-2039,ۈ珊,136.064181,35.927887
̒Jۈ珊,916-0266,OSzOPR|P|P,0778-32-3014,ۈ珊,136.112043,35.932271
ۈ珊,916-0426,OSzOămSU|PQ,,ۈ珊,135.996384,35.89113
Dcۈ珊,916-0215,OSzODcPOX|TU,0778-36-0160,ۈ珊,136.047341,35.956374
ۈ牀,916-0147,OSzOSS|PR|Q,0778-34-1110,ۈ珊,136.122713,35.97381
ۈ牀,916-0422,OSzO~PT|QR,0778-37-1354,ۈ珊,135.999971,35.928281
lPYۈ牀,916-0311,OSzO~YUO|PT|R,0778-37-0305,ۈ珊,135.984442,35.952608
ۈ牀,916-0223,OSzO͌T|V,0778-36-0251,ۈ珊,136.055312,35.950014
͂̕ۈ牀,916-0202,OSzOזVR,0778-36-0396,ۈ珊,136.062694,35.975925
炬ۈ牀,919-1138,OSl͌sW|W,0770-32-0167,ۈ珊,135.946581,35.60264
݂ݕۈ牀,919-1123,OSlvXqSQ|P|R,0770-32-0741,ۈ珊,135.920014,35.60284
Ȃݕۈ牀,919-1205,OSlcUQ|SR,0770-38-1316,ۈ珊,135.983569,35.627734
lۈ珊,919-2225,ьSl{UX|V|P,0770-72-0142,ۈ珊,135.553007,35.489053
acۈ珊,919-2201,ьSlacPQS|R,0770-72-0256,ۈ珊,135.580261,35.491989
ۈ珊,919-2381,ьSlOPR|TS|P,0770-72-0887,ۈ珊,135.510306,35.492028
ۈ牀,919-2125,ьSΎRQO|PS,0770-78-1221,ۈ珊,135.561962,35.450492
ۈ珊,919-1331,O㒆SዷlSW|RW,0770-45-1815,ۈ珊,135.905526,35.550805
݂ݕۈ珊,919-1316,O㒆SዷSU|QS,0770-45-0705,ۈ珊,135.900544,35.513064
ϕۈ牀,919-1311,O㒆SዷPU|WO|S,0770-45-0243,ۈ珊,135.907443,35.534184
~̗ۈ牀,919-1462,O㒆SዷcQS|Q|Q,0770-46-1030,ۈ珊,135.868215,35.558564
CRۈ珊,919-1302,O㒆Sዷ㐣P|P|UV,0770-45-1329,ۈ珊,135.908573,35.584304
Ƃ΂qۈ牀,919-1504,O㒆Sዷ咹HRW|RU|P,0770-64-1100,ۈ珊,135.867129,35.508577
킩Εۈ牀,919-1525,O㒆SዷZRV|P,0770-62-1411,ۈ珊,135.875071,35.462005
Oۈ珊,919-1542,O㒆SዷmQX|QV|P,0770-62-1461,ۈ珊,135.851761,35.462782
̂̂͂ȕۈ牀,919-1556,O㒆SዷʒuTO|P,0770-57-1488,ۈ珊,135.824974,35.477341
"SOωF肱ǂ
iᑐǂj",910-0853,s铌QڂPO|PR,0776-22-6485,ۈ珊^Fۈ牀,136.236004,36.060184
ۈ牀,916-1221,I]sܒUS|QT,0778-65-2044,ۈ珊^Fۈ牀,136.276642,35.954894
炫ق,914-0125,։stPڂPUPO,0770-22-6447,n^ۈ玖,136.048303,35.634381
񂫂ق,914-0821,։sPRO,0770-22-6696,n^ۈ玖,136.044933,35.656679
͂܂킭킭Xe[V,917-0069,lsl颂PPQ,0770-52-2505,n^ۈ玖,135.742045,35.495595
{ۈ牀,917-0224,ls|PS|PR|T,0770-57-1723,n^ۈ玖,135.818708,35.496533
̂ݕۈ牀,916-0065,I]scPO|Q|Q,0778-62-3234,n^ۈ玖,136.16269,35.948192
Yۈ珊,919-2351,ьSlRPOV|QU,0770-76-1130,n^ۈ玖,135.467861,35.51939
ۈ珊,919-1453,O㒆SዷPQ|P,0770-47-1715,n^ۈ玖,135.845656,35.606106
Zǂ,918-8136,sVQP|P|P,0776-41-1140,cۘAg^Fۈ牀,136.234578,36.027097
ꂱǂ,919-0323,scPS|P,0776-38-0221,cۘAg^Fۈ牀,136.230259,36.011643
Gǂ,910-3143,sq⒬U|QO,0776-83-0160,cۘAg^Fۈ牀,136.145959,36.143461
ǂ,910-3133,sΐVےPR|PV,0776-85-1130,cۘAg^Fۈ牀,136.108165,36.145179
ǂ,910-0827,sSU|PR|P,0776-54-4355,cۘAg^Fۈ牀,136.27144,36.086492
݂ǂ,918-8056,sᐙlQڂROQ,0776-35-0123,cۘAg^Fۈ牀,136.186955,36.062136
cۘAg^F肱ǂ|,918-8239,saPڂROR,0776-26-1364,cۘAg^Fۈ牀,136.244803,36.05861
߂݂ǂ,918-8047,svÒRS|P,0776-36-5057,cۘAg^Fۈ牀,136.179548,36.056925
ǂ,910-0006,sQڂV|QR,0776-21-2817,cۘAg^Fۈ牀,136.218075,36.0593
F肱ǂ,910-0017,sPڂRO|P,0776-26-1192,cۘAg^Fۈ牀,136.224321,36.078665
Hǂ,919-0312,s喡PO|P|P,0776-41-3122,cۘAg^Fۈ牀,136.258926,35.99511
cۘAg^F肱ǂ,918-8035,sPڂRQPP,0776-35-7160,cۘAg^Fۈ牀,136.191488,36.037789
G[ǂ,910-0006,sQڂV|QR,0776-21-2817,cۘAg^Fۈ牀,136.218075,36.0593
cۘAg^F肱ǂOJ,910-0006,sQڂPQ|PT,0776-20-5405,cۘAg^Fۈ牀,136.219311,36.057073
F肱ǂG[ۈ牀,918-8023,sJQڂVOQ,0776-33-0200,cۘAg^Fۈ牀,136.205234,36.038264
F肱ǂVc˗ct,910-0067,sVc˂QڂSU|QU,0776-26-1191,cۘAg^Fۈ牀,136.200158,36.089349
aF肱ǂact,918-8005,ŝ݂PڂQX|P,0776-35-0058,cۘAg^Fۈ牀,136.216336,36.048096
F肱ǂ񐬗ct,918-8108,stRڂPROR,0776-35-2413,cۘAg^Fۈ牀,136.224288,36.051049
݂ǂ肱ǂ,918-8007,sHPڂQQ|P,0776-36-2107,cۘAg^Fۈ牀,136.207481,36.059528
F肱ǂ~ޗct,918-8152,ssSU|QR,0776-38-5811,cۘAg^Fۈ牀,136.20226,36.017483
F肱ǂhct,910-0005,sR|PT|PU,0776-22-4598,cۘAg^Fۈ牀,136.218324,36.066363
݂ǂ,910-3622,sQW|T,0776-98-3660,cۘAg^Fۈ牀,136.148074,36.027562
Ђ܂肱ǂ,918-8007,sHRڂQ|QW,0776-35-2417,cۘAg^Fۈ牀,136.204959,36.056992
Вꂱǂ,918-8026,sSڂPOOT,0776-36-0695,cۘAg^Fۈ牀,136.194529,36.04088
acǂ,918-8238,sacRڂXOV,0776-26-3297,cۘAg^Fۈ牀,136.245618,36.04908
ʃm]ǂ,918-8018,s哇TOS,0776-36-7634,cۘAg^Fۈ牀,136.207276,36.03369
В񂱂ǂ,918-8046,s^PڂRXOR,0776-36-8403,cۘAg^Fۈ牀,136.179001,36.050151
Ђǂ,910-2178,s̖쒬Q|TR,0776-41-3022,cۘAg^Fۈ牀,136.251284,36.035215
݂Âǂ,910-0027,sLPڂPP|PT,0776-22-1010,cۘAg^Fۈ牀,136.192836,36.069674
F肱ǂԉ,910-0003,s{PڂRU|PT,0776-26-6280,cۘAg^Fۈ牀,136.231929,36.075655
΂ǂ,918-8016,s][PQ|X,0776-38-3335,cۘAg^Fۈ牀,136.213751,36.026419
ڔF肱ǂ,910-0804,sؒQڂRWPT,0776-53-3063,cۘAg^Fۈ牀,136.236962,36.089623
̖ؑ䂱ǂ,918-8186,sPڂQPOT,0776-38-3588,cۘAg^Fۈ牀,136.18641,36.000441
F肱ǂ鑃Ђ,910-3372,scX|W,0776-86-1066,cۘAg^Fۈ牀,136.079882,36.13562
䂱ǂ,910-3604,sO[nCcPڂPQW,0776-98-2135,cۘAg^Fۈ牀,136.158339,36.045493
炬ؓcF肱ǂ,918-8105,sؓcQڂPVOP,0776-34-8260,cۘAg^Fۈ牀,136.225344,36.045314
OS񂴂F肱ǂ,918-8213,s򒬂QT|PU|P,0776-53-2666,cۘAg^Fۈ牀,136.25368,36.067679
F肱ǂ؂̎,918-8205,sklcPڂRO|PT,0776-52-1801,cۘAg^Fۈ牀,136.247461,36.064659
ۂۂǂ,910-0137,sIXPT|QT,0776-56-1777,cۘAg^Fۈ牀,136.238556,36.117067
ǂ,918-8005,ŝ݂QڂR|SS,0776-35-2059,cۘAg^Fۈ牀,136.213506,36.051049
ǂ,910-0017,sSڂX|PS,0776-22-4730,cۘAg^Fۈ牀,136.209242,36.075992
ocǂ,910-0015,s̋{RڂU|PW,0776-21-2420,cۘAg^Fۈ牀,136.216316,36.083703
͂܂񂱂ǂ,918-8011,sSڂPW|S,0776-36-7005,cۘAg^Fۈ牀,136.207706,36.046049
ނǂ,918-8017,sr䒬S|VU,0776-38-9605,cۘAg^Fۈ牀,136.206929,36.027888
F肱ǂŗct,918-8047,svÒUS|QT|1,0776-36-0988,cۘAg^Fۈ牀,136.177301,36.050012
F肱ǂVct,910-0859,sVoRڂR|RO,0776-22-4859,cۘAg^Fۈ牀,136.229026,36.061842
F肱ǂԉct,910-0017,sTڂQT|QP,0776-26-6310,cۘAg^Fۈ牀,136.203291,36.07912
肩F肱ǂ,910-0063,sRڂQTPT,0776-25-2717,cۘAg^Fۈ牀,136.212562,36.096313
ۂǂ,918-8223,s͐PW|PO,0776-54-5825,cۘAg^Fۈ牀,136.273296,36.050981
ǂ,910-0029,sQڂQQ|QO,0776-26-2700,cۘAg^Fۈ牀,136.198183,36.072071
䂫񂱌zǂ,910-0026,szQڂQR|QT,0776-24-3584,cۘAg^Fۈ牀,136.201609,36.064624
ӂܔF肱ǂ,910-0846,slcPڂV|PP,0776-52-2110,cۘAg^Fۈ牀,136.235942,36.066509
ǂ,910-0837,sRڂRQOU,0776-53-6633,cۘAg^Fۈ牀,136.24042,36.097969
F肱ǂ@Oct,910-0004,siQڂT|V,0776-22-3347,cۘAg^Fۈ牀,136.226349,36.069011
F肱ǂ@̎q,910-0029,sQڂX|V,0776-29-1214,cۘAg^Fۈ牀,136.201282,36.07309
ct,910-0011,socQڂTPQ,0776-26-0269,cۘAg^Fۈ牀,136.217427,36.088944
݂ǂۈ牀,914-0051,։s{P|V|V,0770-22-1000,cۘAg^Fۈ牀,136.073457,35.651502
Va݂ǂۈ牀,914-0122,։sVaPڂU|V,0770-20-0200,cۘAg^Fۈ牀,136.056194,35.63011
񑁐ct,914-0124,։ssXU|Q|Q,0770-21-0002,cۘAg^Fۈ牀,136.055255,35.632298
lslqǂ,917-0081,lsPڂS|R,0770-52-0142,cۘAg^Fۈ牀,135.741578,35.499762
Oǂ,912-0023,sr䒬QڂWQS,0779-65-6167,cۘAg^Fۈ牀,136.493573,35.987826
O삱ǂ,912-0017,sQڂUOR,0779-65-6166,cۘAg^Fۈ牀,136.497198,35.9951
Ȃ܂ǂ,912-0061,sXS|RX,0779-66-0038,cۘAg^Fۈ牀,136.497134,35.971092
Ȃقǂ,912-0053,st񒚖16-5,0779-66-1740,cۘAg^Fۈ牀,136.495126,35.973048
낫ǂ,911-0032,RsF쒬Q|R|PX,0779-88-3213,cۘAg^Fۈ牀,136.502314,36.06943
ǂ,911-0801,Rs򒬂QڂR|QQ,0779-88-1557,cۘAg^Fۈ牀,136.501503,36.064189
삱ǂ,911-0048,RsryʏRR|TW|P,0779-89-2022,cۘAg^Fۈ牀,136.47528,36.083875
I]s䂽ǂ,916-0074,I]scQ|X,0778-62-1680,cۘAg^Fۈ牀,136.151328,35.942076
ǂ,916-0017,I]s_SڂP|V,0778-52-2231,cۘAg^Fۈ牀,136.186786,35.977914
kǂ,910-4272,skRU|PV|Q,0776-79-1204,cۘAg^Fۈ牀,136.223346,36.261508
{ǂ,910-4138,sԂV|P,0776-77-3305,cۘAg^Fۈ牀,136.195826,36.206855
Âǂ,919-0632,st{RڂQS|QO,0776-73-1228,cۘAg^Fۈ牀,136.229844,36.219432
Óǂ,919-0741,sPV|PW,0776-74-1055,cۘAg^Fۈ牀,136.27031,36.197716
Pvǂ,910-4105,sMÂRڂQR|Q,0776-77-2373,cۘAg^Fۈ牀,136.190548,36.224767
hǂ,910-4124,scXR|V|U,0776-78-7885,cۘAg^Fۈ牀,136.197153,36.221503
טC؂ǂ,919-0805,sUR|QT,0776-58-2082,cۘAg^Fۈ牀,136.254849,36.239992
Ɉ䂱ǂ,919-0611,sԂQP|QV|P,0776-73-2252,cۘAg^Fۈ牀,136.248979,36.196679
ǂ,919-0621,ssPQڂPV|R,0776-73-0439,cۘAg^Fۈ牀,136.229658,36.213713
ǂ,919-0621,ssPPڂPR|PV,0776-73-1142,cۘAg^Fۈ牀,136.231916,36.213355
ǂ,910-4115,sePR|PR,0776-77-1166,cۘAg^Fۈ牀,136.203691,36.223948
Ђ߂ǂ,919-0621,ssPOڂW|P,0776-73-2250,cۘAg^Fۈ牀,136.2267,36.210691
F肱ǂk,915-0052,zOsPU|S,0778-22-1772,cۘAg^Fۈ牀,136.187647,35.888809
F肱ǂkV,915-0004,zOskRW|T|U,0778-22-1974,cۘAg^Fۈ牀,136.209186,35.913326
F肱ǂ{,915-0233,zOs{T|QU,0778-42-0435,cۘAg^Fۈ牀,136.245037,35.908416
F肱ǂ쒆R,915-0253,zOsÎRSP|PR|Q,0778-42-0325,cۘAg^Fۈ牀,136.245857,35.929369
F肱ǂ,915-0209,zOsؒPQ|RS,0778-42-1029,cۘAg^Fۈ牀,136.263946,35.935539
F肱ǂ킽,915-0242,zOscSU|Q,0778-42-0493,cۘAg^Fۈ牀,136.240402,35.913265
{ǂ,915-1201,zOs{WX|QX|P,0778-28-1741,cۘAg^Fۈ牀,136.077611,35.912023
QԔF肱ǂ,915-0071,zOs{RڂT|PQ,0778-22-7019,cۘAg^Fۈ牀,136.168716,35.907248
킩F肱ǂ,915-0888,zOsXPW|V|Q,0778-22-6203,cۘAg^Fۈ牀,136.146032,35.905853
F蓌ǂ,915-0061,zOsx쒬R|PS,0778-22-6637,cۘAg^Fۈ牀,136.172521,35.900441
_RF肱ǂ,915-0872,zOsLPRQ|R|P,0778-23-8688,cۘAg^Fۈ牀,136.141919,35.889694
F肱ǂRق̂w,915-0892,zOsX⒬PS|Q|P,0778-23-0030,cۘAg^Fۈ牀,136.15002,35.924962
^ۈ牀,915-0024,zOsؒQW|R,0778-27-2203,cۘAg^Fۈ牀,136.226787,35.885911
䂱ǂ,919-0512,s䒬{̂SO|QT|P,0776-66-5959,cۘAg^Fۈ牀,136.241181,36.165244
Yǂ,913-0062,sOwPPU|PR|R,0776-82-0094,cۘAg^Fۈ牀,136.141193,36.238114
F肱ǂ@OЂ,913-0021,sOy~TR|R,0776-81-6565,cۘAg^Fۈ牀,136.159693,36.203249
rcȂ悵ǂ,910-2516,SrcRcQO|PU|P,0778-44-8181,cۘAg^Fۈ牀,136.339834,35.889147
ȂȂ낱ǂ,919-0131,SzOQW|PO|Q,0778-45-0788,cۘAg^Fۈ牀,136.198423,35.779362
ǂ,919-0223,SzO哹QR|PS|S,0778-47-2227,cۘAg^Fۈ牀,136.194087,35.836163
cǂ,917-0371,ьScqPU|PO|S,0770-67-2126,cۘAg^Fۈ牀,135.67449,35.398981
{ǂ,919-2111,ьS{PPO|T,0770-77-0379,cۘAg^Fۈ牀,135.621412,35.476763
哇F肱ǂ,919-2101,ьS哇UO|QU,0770-77-0210,cۘAg^Fۈ牀,135.647104,35.528032
